timestamp,hand,x,y,z,roll,pitch,yaw
2025-11-24T20:02:17.078384,left,-0.03410612412025671,-0.6703178286552429,-0.6510065793991089,22.790973796058562,47.102611930342746,169.29818392500786
2025-11-24T20:02:17.194658,left,-0.03274298340058124,-0.6598985493183136,-0.6609150469303131,21.14501150747162,46.48579744487704,168.37488572191978
2025-11-24T20:02:17.310046,left,-0.03956543615295516,-0.6595290899276733,-0.6660781800746918,13.080640261113611,48.40585986746361,164.6785992930261
2025-11-24T20:02:17.425789,left,-0.02384810101084156,-0.6537102162837982,-0.657740443944931,25.173328596542742,32.564262656636664,173.9051213111066
2025-11-24T20:02:17.542628,left,-0.034774031025648355,-0.639183759689331,-0.649109810590744,17.972695117382692,43.2557229086635,169.8141724745996
2025-11-24T20:02:17.658880,left,-0.03455729575962607,-0.6293221116065979,-0.6449812054634094,18.07291167820924,43.28391600235477,169.8463838562113
2025-11-24T20:02:17.780391,left,-0.03601392857866159,-0.6256431639194489,-0.6422162353992462,16.56542045545106,44.97803874675118,170.2382261879435
2025-11-24T20:02:17.890115,left,-0.036983353110464634,-0.6267013847827911,-0.6410395503044128,18.220509367436193,45.195671189625095,171.91813375894046
2025-11-24T20:02:17.952040,left,-0.03595452195229143,-0.6238964200019836,-0.6409720480442047,18.526621971383964,44.65937435628567,172.77157659532958
2025-11-24T20:02:18.073533,left,-0.03128427702709757,-0.623683363199234,-0.6395253539085388,22.5104489857998,40.9576720081569,174.88395453542725
2025-11-24T20:02:18.251661,left,-0.034523936458029425,-0.6234748065471649,-0.6387606263160706,20.478680260315944,43.714254277895435,174.18553510613813
2025-11-24T20:02:18.307846,left,-0.030580426976570152,-0.6247454881668091,-0.6390893459320068,23.149635070784825,40.70819186235073,176.0099222657365
2025-11-24T20:02:18.479845,left,-0.03187969181876582,-0.6247438788414001,-0.63980433344841,22.043490023033854,41.591886838077826,174.9566056032617
2025-11-24T20:02:18.596774,left,-0.03583452302849821,-0.6242272257804871,-0.639037549495697,19.28514201787934,45.26798358272397,173.5081109339815
2025-11-24T20:02:18.713107,left,-0.03394424011956687,-0.6251794993877411,-0.6380662024021149,20.184288196131135,43.79229927516569,173.81443046623738
2025-11-24T20:02:18.826076,left,-0.03161241610087018,-0.6247652173042297,-0.6376793682575226,21.786176755673424,40.80710771581951,175.24135157473597
2025-11-24T20:02:18.945606,left,-0.03424482690488162,-0.625916063785553,-0.6383422315120697,21.167774580882043,43.59545294039884,174.38307259407142
2025-11-24T20:02:19.060821,left,-0.03300961053362528,-0.6246186196804047,-0.6373404562473297,22.183489133461574,42.552211782888435,174.782400112777
2025-11-24T20:02:19.174439,left,-0.03213517552018885,-0.6235597133636475,-0.636547178030014,22.081315597249095,42.11462169362638,174.82787006533812
2025-11-24T20:02:19.297594,left,-0.03119516742633266,-0.6223821938037872,-0.6369642615318298,21.570124662663307,41.4606152195862,174.81445873771398
2025-11-24T20:02:19.407517,left,-0.03221423623786279,-0.6241335868835449,-0.6350460350513458,21.939195427692553,42.49180321437922,174.47105083058494
2025-11-24T20:02:19.523515,left,-0.03141350492798978,-0.6215305328369141,-0.6353951692581177,21.97806823583101,41.32194273150147,175.8675745989378
2025-11-24T20:02:19.639890,left,-0.030128771080342176,-0.6218880414962769,-0.6337678134441376,22.777576189611686,40.24144768367029,175.41905647739478
2025-11-24T20:02:19.760857,left,-0.030241913730208125,-0.6202695667743683,-0.6323899924755096,23.436254042625464,40.084075659106865,176.04027681630987
2025-11-24T20:02:19.868327,left,-0.028606359013920724,-0.6190056204795837,-0.6325042843818665,22.881748318239172,39.09252740364864,175.80589548142422
2025-11-24T20:02:19.981981,left,-0.0293114130854093,-0.6197196245193481,-0.6312367618083954,23.399010719933937,39.45074012076088,175.0687248213266
2025-11-24T20:02:20.104817,left,-0.031130292946137672,-0.6171964406967163,-0.6295860707759857,21.955810828575657,41.24688083159714,174.90523868607002
2025-11-24T20:02:20.220705,left,-0.03343250912794815,-0.6121233701705933,-0.6277906596660614,20.591626323965468,43.045424555262855,174.93839067415897
2025-11-24T20:02:20.337909,left,-0.03137917182299077,-0.61150062084198,-0.6271962225437164,21.012086694299533,41.827963369189455,174.03375508944214
2025-11-24T20:02:20.452380,left,-0.03295865295377354,-0.6100539267063141,-0.6251935660839081,20.382666963868754,43.259611002830646,174.72907190649678
2025-11-24T20:02:20.565772,left,-0.035983080221264174,-0.606818825006485,-0.6217161417007446,20.91195440847767,44.752197673220785,175.0609589477809
2025-11-24T20:02:20.682099,left,-0.035612544325204,-0.602386474609375,-0.6194668710231781,21.150105786142205,44.883798794755386,175.68730594436786
2025-11-24T20:02:20.797297,left,-0.03352253261238047,-0.6017298698425293,-0.6174371838569641,21.988688807044035,43.82888180386852,175.28024374544842
2025-11-24T20:02:20.913100,left,-0.03307618088402364,-0.5999389290809631,-0.6164137721061707,22.780440766190537,43.28381899782646,175.16871395964844
2025-11-24T20:02:21.029807,left,-0.03332956643537699,-0.5996224880218506,-0.615071028470993,21.96190047628963,43.4375504762448,174.89414542289592
2025-11-24T20:02:21.144932,left,-0.03169246016175009,-0.5999913513660431,-0.6166868507862091,24.03567596428736,41.721618259085766,177.0362188721384
2025-11-24T20:02:21.261223,left,-0.032275924228599706,-0.6022292971611023,-0.6190897822380066,23.714445642708014,42.17605480752846,176.47936193648965
2025-11-24T20:02:21.376570,left,-0.03455738499130945,-0.5989035367965698,-0.6216225922107697,22.42147826971297,44.081042100595646,176.37463068116904
2025-11-24T20:02:21.492487,left,-0.029595445492738293,-0.5956968665122986,-0.6390156745910645,24.138668256505007,39.45695641966035,174.64507156083482
2025-11-24T20:02:21.608160,left,-0.035021871778418756,-0.5919013321399689,-0.6351045072078705,21.085204476238488,44.479708239499175,174.6849243442593
2025-11-24T20:02:21.729822,left,-0.03426589990824169,-0.5901799201965332,-0.6300478279590607,21.273402546040757,43.69830467494209,173.34233056407803
2025-11-24T20:02:21.838870,left,-0.02857008570011743,-0.5846640765666962,-0.6213700175285339,24.24480140237825,38.44822835672212,174.53710858746635
2025-11-24T20:02:21.952556,left,-0.028334133702003328,-0.5833514034748077,-0.5908942818641663,31.1226486508809,38.62688532535206,178.8383973176211
2025-11-24T20:02:22.069050,left,-0.030697821090747368,-0.5830573737621307,-0.5615310668945312,32.26119689310789,41.748898623877174,178.10214681769085
2025-11-24T20:02:22.185419,left,-0.041115326440930744,-0.5824891328811646,-0.5094807893037796,29.76094551868255,51.922517984183195,176.3837088315486
2025-11-24T20:02:22.300415,left,-0.05469146584627538,-0.5786421597003937,-0.4689141660928726,22.96279449251152,64.67625808185356,173.13557237305824
2025-11-24T20:02:22.415114,left,-0.0418206847455167,-0.5782811343669891,-0.4208151549100876,25.28589813079692,58.918773164242836,167.47185408986053
2025-11-24T20:02:22.529169,left,-0.04345265227276229,-0.5726824402809143,-0.39256879687309265,46.00619354566245,60.27729281335277,-173.33867838714684
2025-11-24T20:02:22.670974,left,-0.04625739409378582,-0.5760446786880493,-0.3634870946407318,37.45340468103461,67.50386362261398,179.8419680681078
2025-11-24T20:02:22.783010,left,-0.06206677485521084,-0.5844826102256775,-0.34155476093292236,37.29235631429609,69.32296482677728,-176.2624127990619
2025-11-24T20:02:22.897496,left,-0.06235723905254531,-0.579158753156662,-0.3380691707134247,52.56980356994263,71.56582017175174,-160.16007152089182
2025-11-24T20:02:23.012689,left,-0.06467505941195384,-0.5832481384277344,-0.3483535945415497,57.873004695844116,70.4344298197056,-155.32201814603002
2025-11-24T20:02:23.132538,left,-0.057971466787861914,-0.5802415013313293,-0.3640087693929672,54.46466219460479,67.12385191029219,-158.50028172253838
2025-11-24T20:02:23.245848,left,-0.049695444962154056,-0.5767180323600769,-0.3963066339492798,40.20853104181924,61.7584171717154,-170.85452437313015
2025-11-24T20:02:23.361902,left,-0.048180608905340705,-0.5869599282741547,-0.4301222413778305,7.450150987915362,63.63341485071346,157.34711755090507
2025-11-24T20:02:23.475540,left,-0.05748685854284474,-0.5879532396793365,-0.46893157064914703,13.706379664954168,64.19906416157652,165.72907443536394
2025-11-24T20:02:23.584711,left,-0.03814584252560849,-0.5858906507492065,-0.5277873873710632,25.781806358792416,51.58451445343316,172.02734345434254
2025-11-24T20:02:23.705775,left,-0.03425787538350278,-0.5897880792617798,-0.568503737449646,31.90325960176111,46.252996185870224,176.9623865405993
2025-11-24T20:02:23.822702,left,-0.03639666637619143,-0.5910757780075073,-0.6211789548397064,24.189381991272047,46.494476190080476,172.70004985065356
2025-11-24T20:02:23.940842,left,-0.039608997684730696,-0.5935102105140686,-0.6539603471755981,20.71007920198373,47.3637612901285,171.6865077374007
2025-11-24T20:02:24.051674,left,-0.03910593564674514,-0.5962811410427094,-0.6740980446338654,16.947964914701874,48.54010183657992,167.07539335975176
2025-11-24T20:02:24.167326,left,-0.041285284924981624,-0.5988665223121643,-0.6790552139282227,12.658623099665826,49.918646020301566,161.81553812215853
2025-11-24T20:02:24.284174,left,-0.042806471018778325,-0.5983754396438599,-0.6764878034591675,14.887881226361214,49.86785108100916,166.12432247848125
2025-11-24T20:02:24.397099,left,-0.03434479094124043,-0.5965307354927063,-0.6626423597335815,18.58897576459201,45.00036373875255,165.60574539030603
2025-11-24T20:02:24.511780,left,-0.028235034102166878,-0.595756858587265,-0.6240493655204773,30.363794553220202,38.641057960577726,175.06204307289423
2025-11-24T20:02:24.628786,left,-0.029475064692434216,-0.5949817001819611,-0.5857609510421753,36.293192607921334,39.02115126681634,179.24933082395495
2025-11-24T20:02:24.742992,left,-0.03171800533247904,-0.5918382108211517,-0.5427862405776978,35.01485583267859,45.06396012826335,176.35905384347643
2025-11-24T20:02:24.883370,left,-0.05297619184361224,-0.5891417860984802,-0.4819219410419464,17.29817577550887,61.226760624899995,164.71034460082308
2025-11-24T20:02:24.973870,left,-0.03800418270488137,-0.5761212408542633,-0.4200460910797119,34.06575203772748,56.3875995657108,172.8162989606154
2025-11-24T20:02:25.108330,left,-0.05695289690095251,-0.565647542476654,-0.380797803401947,38.74828022037985,66.00266131736514,-175.4764182060789
2025-11-24T20:02:25.196274,left,-0.060577037813288825,-0.5630711615085602,-0.35323917865753174,35.57042605857651,67.60627803185696,-176.6356903143808
2025-11-24T20:02:25.311262,left,-0.0731915227101183,-0.5687533318996429,-0.3499211221933365,8.327094375895252,73.70720432637887,156.60302943728013
2025-11-24T20:02:25.429300,left,-0.06745245763350738,-0.5783076882362366,-0.35667769610881805,14.594601235213155,73.36815826884987,162.28759851866363
2025-11-24T20:02:25.542950,left,-0.06604112772816961,-0.582696944475174,-0.3801261931657791,20.26003236720262,70.36926544927209,168.76346647867297
2025-11-24T20:02:25.656653,left,-0.04705494211293626,-0.5913451015949249,-0.4159948527812958,13.560291165086527,63.90198930316274,157.41620846718945
2025-11-24T20:02:25.771708,left,-0.0524462357194011,-0.5874098241329193,-0.45617690682411194,11.823647527344793,62.911622851493256,159.96121258183166
2025-11-24T20:02:25.888956,left,-0.04398601698811433,-0.5845208764076233,-0.5126408487558365,21.64215665844313,56.67012847373618,169.08396940532987
2025-11-24T20:02:26.006873,left,-0.033433143733702764,-0.5890556871891022,-0.5524181723594666,28.059570601849273,47.77201439742507,170.8513756911191
2025-11-24T20:02:26.072380,left,-0.04464445215258195,-0.5925115942955017,-0.5950287878513336,23.21784619827525,52.7709320571772,170.99717836198585
2025-11-24T20:02:26.239406,left,-0.03742800499869503,-0.5906122922897339,-0.629388839006424,26.0007048889134,45.859103234529485,173.45066948628855
2025-11-24T20:02:26.353532,left,-0.03837927969148325,-0.5834528207778931,-0.6634138226509094,19.802759534653823,45.998621348997254,169.0837163543434
2025-11-24T20:02:26.469358,left,-0.03950115141743993,-0.5796199440956116,-0.6834300756454468,17.853933843907626,46.135096068473615,169.006588593059
2025-11-24T20:02:26.578913,left,-0.04369427118638214,-0.5781782567501068,-0.6986820697784424,15.966608842703446,49.31284889362233,168.4559661802825
2025-11-24T20:02:26.699090,left,-0.04394624357069432,-0.5735867321491241,-0.7033412158489227,16.65042820035247,49.216654318406725,169.78802633822343
2025-11-24T20:02:26.813807,left,-0.042692416347478,-0.5717065632343292,-0.7030898928642273,14.692286397176856,48.82450933177944,167.41439295235529
2025-11-24T20:02:26.930252,left,-0.03972611637109935,-0.5698031783103943,-0.6989891827106476,15.183861436554304,46.31174530453577,167.30576153255922
2025-11-24T20:02:27.047509,left,-0.03577227780219516,-0.5663089752197266,-0.6776095032691956,19.21313312594529,43.822983825846535,170.19837687692566
2025-11-24T20:02:27.161626,left,-0.040291253509565195,-0.5656733512878418,-0.6554933190345764,18.904346642929404,47.522551650573355,169.18064518892476
2025-11-24T20:02:27.274378,left,-0.03415408031366951,-0.5628268420696259,-0.6280137896537781,23.46179406847619,45.09491354415261,171.3047844973658
2025-11-24T20:02:27.391028,left,-0.0404012407617671,-0.5605691373348236,-0.5930843949317932,21.15313093567665,51.777450914551515,169.54420598582365
2025-11-24T20:02:27.507957,left,-0.033035372840259924,-0.5569730699062347,-0.5636986792087555,28.41253226151452,46.128925353309356,173.8891214384307
2025-11-24T20:02:27.624353,left,-0.039731688348837224,-0.5530223846435547,-0.5165118426084518,22.546305917802066,54.379137787738706,170.24431006405968
2025-11-24T20:02:27.738099,left,-0.05806747564568582,-0.5499460399150848,-0.4788365662097931,7.451533201700287,64.87513327668091,159.55212579260646
2025-11-24T20:02:27.852809,left,-0.054572818470219886,-0.5430540442466736,-0.4284263104200363,14.635039802601181,62.84643647731903,164.81838037150663
2025-11-24T20:02:27.967891,left,-0.050940492701641915,-0.5369982719421387,-0.3900720030069351,15.853824926103881,66.83178662617742,164.23746708450724
2025-11-24T20:02:28.082926,left,-0.05667688869928611,-0.518105536699295,-0.36014848947525024,62.329389680647445,58.48195416724298,-150.57228365395102
2025-11-24T20:02:28.195339,left,-0.06194320796413422,-0.52442966401577,-0.35022546350955963,59.72892994454109,64.81730266052051,-151.89765971263301
2025-11-24T20:02:28.368495,left,-0.059741770440240316,-0.5363793969154358,-0.37147244811058044,49.55608099388441,68.48086463149953,-161.980976611531
2025-11-24T20:02:28.479796,left,-0.05164941232040121,-0.5446838140487671,-0.40950489044189453,12.099935122946762,66.11383871355515,162.53737107830943
2025-11-24T20:02:28.592785,left,-0.04605992083532584,-0.5483456254005432,-0.45773330330848694,12.484306682025622,59.979651864483394,160.36343409651636
2025-11-24T20:02:28.708686,left,-0.048497884242209466,-0.5502653419971466,-0.509881004691124,19.645364799326227,57.884065269078356,168.51509506872554
2025-11-24T20:02:28.819378,left,-0.046927663561362465,-0.5569469928741455,-0.5689738392829895,22.791465601024555,53.93476760033211,172.12856462786138
2025-11-24T20:02:28.938618,left,-0.038634437392040866,-0.560001015663147,-0.6034982800483704,24.022857618176648,46.539920135161694,172.43125832438741
2025-11-24T20:02:29.055889,left,-0.043575655300386984,-0.564032107591629,-0.6430167555809021,24.851392016480588,48.018536503296865,176.11593667251208
2025-11-24T20:02:29.169786,left,-0.037190901525214315,-0.5662967562675476,-0.668912261724472,21.25734360340569,44.1492788149415,171.95672387794036
2025-11-24T20:02:29.286082,left,-0.031033255731948373,-0.562832236289978,-0.6922801434993744,25.03485890686783,38.5952929871959,174.5514549154474
2025-11-24T20:02:29.400125,left,-0.043732029972943565,-0.5596442222595215,-0.7067016959190369,14.354952455307043,49.81042734908596,166.63305430739916
2025-11-24T20:02:29.515164,left,-0.045997980873224265,-0.5630448162555695,-0.7145960330963135,11.808291523653196,50.35070503184814,165.07200420684984
2025-11-24T20:02:29.630623,left,-0.050283858490601574,-0.5598903596401215,-0.7157194018363953,10.292081766970169,52.16096043712968,166.55371519303955
2025-11-24T20:02:29.750924,left,-0.04338931641784427,-0.5607728362083435,-0.7145978212356567,13.690491404901321,47.73824197688804,168.94105856724508
2025-11-24T20:02:29.863807,left,-0.04791119657232912,-0.5620753169059753,-0.7153495252132416,10.997133505783362,50.87396331489439,166.08506552661552
2025-11-24T20:02:29.978716,left,-0.051060920408716015,-0.5578319728374481,-0.7156374454498291,10.41513678907515,52.472982372755325,166.080184756656
2025-11-24T20:02:30.093917,left,-0.045382704612578095,-0.5553703308105469,-0.7147706747055054,13.045612188153655,49.39917332891267,167.16106262450432
2025-11-24T20:02:30.207903,left,-0.04337988405477233,-0.5538012385368347,-0.7117080092430115,13.344037848945499,48.39033540700269,166.8261241201712
2025-11-24T20:02:30.325145,left,-0.041090380503021606,-0.550000011920929,-0.7103195190429688,14.318892556256051,46.93520720400736,166.4128812900446
2025-11-24T20:02:30.438717,left,-0.04194872237949454,-0.5468083322048187,-0.7120079398155212,14.10510805382973,47.666299196344546,165.84038812716238
2025-11-24T20:02:30.550746,left,-0.047833628245058435,-0.5418144166469574,-0.7097328901290894,12.162123315244806,50.51863456715588,166.93456680226944
2025-11-24T20:02:30.670062,left,-0.0447261498566931,-0.5441331565380096,-0.7109153568744659,12.244319753708512,48.74467943312291,165.8499073149237
2025-11-24T20:02:30.788509,left,-0.0433005823842052,-0.5476446151733398,-0.7097586393356323,13.7285645927765,47.93925034282576,167.2552033649487
2025-11-24T20:02:30.966858,left,-0.04123023393312053,-0.5485700964927673,-0.7080264687538147,13.448918935881412,46.459979428222795,167.02930280003542
2025-11-24T20:02:31.017645,left,-0.04190972479509014,-0.5421583354473114,-0.7072925269603729,14.043633806347167,46.79541421399228,168.69509326271682
2025-11-24T20:02:31.133509,left,-0.04599890046384303,-0.5338777601718903,-0.7077725827693939,14.708393872669568,48.72211031767198,171.05854421111152
2025-11-24T20:02:31.249411,left,-0.04069997441622775,-0.5166336297988892,-0.7073144912719727,15.922089912915233,45.74043339629455,171.81825074893354
2025-11-24T20:02:31.364664,left,-0.04133580516544555,-0.4996207356452942,-0.7073982059955597,15.060123244795546,45.60595099834542,172.2920436399062
2025-11-24T20:02:31.481347,left,-0.0384794982442358,-0.4874516427516937,-0.710295706987381,13.17600408785314,42.142254489587735,171.66406739373681
2025-11-24T20:02:31.596140,left,-0.039604274108455684,-0.48931676149368286,-0.7085153460502625,12.498499075992404,43.28592875602759,171.44708684808424
2025-11-24T20:02:31.708937,left,-0.04090187376262122,-0.4943230301141739,-0.7071642279624939,12.44374021121785,43.96855400217352,171.9400741619685
2025-11-24T20:02:31.825646,left,-0.04658790801021695,-0.49656523764133453,-0.7074351906776428,9.262686484737504,47.42916614039044,169.04498775443167
2025-11-24T20:02:31.944494,left,-0.0469744381385766,-0.4978772699832916,-0.7075880169868469,9.451048962153358,47.70082975202177,169.29931049051598
2025-11-24T20:02:32.057893,left,-0.04171974361278785,-0.4909120947122574,-0.7073720991611481,12.11584474868753,44.82918634050937,171.2743838104858
2025-11-24T20:02:32.171964,left,-0.04468220751454055,-0.4812473803758621,-0.7059900760650635,10.760643020617213,46.73972035376202,170.75583810698672
2025-11-24T20:02:32.290217,left,-0.049378806870947756,-0.4467918574810028,-0.7034611403942108,9.118438591450182,48.241109678875084,173.5487133701179
2025-11-24T20:02:32.400798,left,-0.03610458183969456,-0.41019900143146515,-0.7012674510478973,12.613209284375541,40.30407062591104,175.42071126031786
2025-11-24T20:02:32.516097,left,-0.04113669069545978,-0.36251217126846313,-0.7043865919113159,7.473638231788473,42.516846313159995,174.1201647468592
2025-11-24T20:02:32.631870,left,-0.036695269807111686,-0.322310671210289,-0.7066151797771454,6.494638293216696,38.35069281454514,175.50540154081474
2025-11-24T20:02:32.746666,left,-0.046444051746185266,-0.2830097824335098,-0.7124888598918915,9.329934185039475,43.37856375059021,-178.67301851000795
2025-11-24T20:02:32.864788,left,-0.04041781163532221,-0.26400719583034515,-0.7188012599945068,14.704431342174116,38.11504322698375,-173.80736071454177
2025-11-24T20:02:32.976078,left,-0.041419303779790084,-0.23731844872236252,-0.7238600254058838,16.904303639399114,36.78492859876716,-172.00714416430728
2025-11-24T20:02:33.094526,left,-0.04686174676584187,-0.21660972386598587,-0.7298259735107422,13.358849000003495,39.46516378259416,-173.33127807708553
2025-11-24T20:02:33.208401,left,-0.03905563480959984,-0.22242509573698044,-0.7254332304000854,11.150914090301507,34.81181459406775,-179.64802039889582
2025-11-24T20:02:33.323531,left,-0.04093776396690885,-0.23339282721281052,-0.7225598692893982,14.802483098351003,36.043630688889074,-176.86667443765688
2025-11-24T20:02:33.438566,left,-0.04131910907879899,-0.2532438859343529,-0.723421186208725,19.12757931222382,36.16364373975733,-173.31178722520224
2025-11-24T20:02:33.552660,left,-0.048074168124671246,-0.29198698699474335,-0.7168770730495453,14.151263132369206,42.177265639974614,-178.31544652464768
2025-11-24T20:02:33.666913,left,-0.04565887164922344,-0.3227449059486389,-0.710536539554596,12.913864566306898,41.68037788412384,177.83357827947032
2025-11-24T20:02:33.781798,left,-0.04636975289442091,-0.3654825687408447,-0.7033810317516327,13.328841538013892,44.468316355946335,177.8442864428787
2025-11-24T20:02:33.897683,left,-0.04209672537910336,-0.39701302349567413,-0.7012789845466614,13.726299095777216,42.44313995141808,174.98154225886083
2025-11-24T20:02:34.012413,left,-0.031583937525780925,-0.430400013923645,-0.7002318501472473,15.580536935046744,35.16092001657586,173.3345472432041
2025-11-24T20:02:34.129152,left,-0.03790842579920195,-0.45603521168231964,-0.6997917890548706,14.527638099689142,40.381786214587315,171.35565359840484
2025-11-24T20:02:34.242899,left,-0.039730536005023964,-0.4871840327978134,-0.698847234249115,13.843275224143124,43.03837744512659,168.37175702778927
2025-11-24T20:02:34.356702,left,-0.03407095184687847,-0.5142844170331955,-0.69646155834198,21.343173345946347,38.740011123797515,173.622904608186
2025-11-24T20:02:34.470339,left,-0.020689300928147247,-0.5466068089008331,-0.6934342086315155,27.171253811100904,26.831399293734336,175.616665491726
2025-11-24T20:02:34.585821,left,-0.02839759104899997,-0.5890281200408936,-0.6921975314617157,25.15151375163475,35.04044952825903,173.8956290848904
2025-11-24T20:02:34.700615,left,-0.03261683916011293,-0.6243371069431305,-0.6892908811569214,16.289084247703578,42.11327472861523,160.54906053364704
2025-11-24T20:02:34.814639,left,-0.03153297828561108,-0.6663195192813873,-0.6894862651824951,21.935583306705343,40.6968804041298,165.06543539613497
2025-11-24T20:02:34.928894,left,-0.030009087828574366,-0.6977812051773071,-0.6880465149879456,24.884672931595738,40.14095079864401,165.66794400756683
2025-11-24T20:02:35.044436,left,-0.03659542315152464,-0.7405869662761688,-0.6858185231685638,21.738780941987226,45.91409020429324,162.8330657017406
2025-11-24T20:02:35.161665,left,-0.032613587934577026,-0.7716273367404938,-0.683932363986969,24.854140381729916,46.62695748893677,158.85068082711396
2025-11-24T20:02:35.274320,left,-0.035558047883867516,-0.8014555275440216,-0.6807975172996521,15.367486498616216,49.230452894302786,150.10182754948244
2025-11-24T20:02:35.389066,left,-0.033143739174164466,-0.8318811357021332,-0.6837137341499329,16.597968144236784,48.08262046493625,149.83737762223467
2025-11-24T20:02:35.506593,left,-0.035493312154343926,-0.846585601568222,-0.6858519017696381,12.741288484258448,51.06661535620521,144.99296476998998
2025-11-24T20:02:35.621751,left,-0.035940765095602956,-0.8560382127761841,-0.6899191737174988,14.345791005604735,51.03314855208468,145.72411742796402
2025-11-24T20:02:35.735391,left,-0.03495021801280984,-0.8574241101741791,-0.690253496170044,20.958649524038623,50.14223054666775,151.9610969350169
2025-11-24T20:02:35.851214,left,-0.023386057428822937,-0.8381322920322418,-0.6913630366325378,34.248304513171185,36.415522872903445,166.79815697595816
2025-11-24T20:02:35.967607,left,-0.03533296962609711,-0.8147149682044983,-0.6936443746089935,18.89194188449895,46.11611008531527,156.0075241809327
2025-11-24T20:02:36.081736,left,-0.029015316482244202,-0.7781658470630646,-0.7026943266391754,33.07407242361426,35.13988281955852,172.97012790038877
2025-11-24T20:02:36.195980,left,-0.01892179356009649,-0.7439189851284027,-0.7053324580192566,23.281154090274327,28.683046797469792,162.47759866146367
2025-11-24T20:02:36.312427,left,-0.021811837645159926,-0.7052364349365234,-0.7138948440551758,25.785061479147707,27.81443714465008,171.24817717926783
2025-11-24T20:02:36.424020,left,-0.023480252208557317,-0.6702278554439545,-0.7135282158851624,21.35962135276501,29.019830027542913,169.76279639950144
2025-11-24T20:02:36.542389,left,-0.027917301522677462,-0.6281032860279083,-0.7164100408554077,16.76556406966651,32.95349404678649,166.90885408816735
2025-11-24T20:02:36.657806,left,-0.0301906189494332,-0.5710587799549103,-0.7208113372325897,15.781687193416644,33.76516214770888,170.12056038720883
2025-11-24T20:02:36.770605,left,-0.02754816384872072,-0.5296397507190704,-0.7260838449001312,17.406606671380757,31.589199914412998,171.71551257132845
2025-11-24T20:02:36.882758,left,-0.039575243193922915,-0.4711756259202957,-0.7295559048652649,10.273337367064892,38.93922799164778,172.67732114793088
2025-11-24T20:02:37.001012,left,-0.03053577642070593,-0.4253125339746475,-0.7330644130706787,12.883126261660783,31.204560550872053,177.22623681186664
2025-11-24T20:02:37.114389,left,-0.03305671079556305,-0.364772692322731,-0.7352431118488312,9.942079209914914,33.17952617272501,176.23643793574448
2025-11-24T20:02:37.229880,left,-0.03505627653093768,-0.3266865462064743,-0.7371419966220856,10.022733218245008,33.14897342360838,176.95351943638383
2025-11-24T20:02:37.345015,left,-0.04314998022375249,-0.2798638492822647,-0.7446822822093964,6.933104015837379,37.865056840100486,177.02994906404746
2025-11-24T20:02:37.457709,left,-0.04876603008219149,-0.24388042092323303,-0.7464739084243774,6.473717151419587,40.12748203545395,179.3276382453756
2025-11-24T20:02:37.573110,left,-0.0445204519876512,-0.20785894989967346,-0.7572450339794159,14.093603431295515,35.089271271174795,-171.20562721684254
2025-11-24T20:02:37.686722,left,-0.034964641368844696,-0.16717490553855896,-0.7601688802242279,12.894770562686478,27.54360644854661,-168.36943193451424
2025-11-24T20:02:37.804394,left,-0.036453853424518456,-0.14962636679410934,-0.761984646320343,10.814483488224331,29.08384132141771,-168.22290485569286
2025-11-24T20:02:37.917777,left,-0.034434136624454936,-0.16440259665250778,-0.7623656392097473,12.107754411898444,26.422777356271755,-171.70340924601882
2025-11-24T20:02:38.032008,left,-0.048419065266443795,-0.18620258569717407,-0.7566676437854767,17.476592806085552,35.07510037478132,-168.017232047468
2025-11-24T20:02:38.151300,left,-0.04792445986964822,-0.22774451225996017,-0.7499323189258575,12.449105268698565,36.45392301622262,-174.27530864909195
2025-11-24T20:02:38.266594,left,-0.05551210665393569,-0.2606370523571968,-0.7457446157932281,11.422496942141674,41.521712988241866,-177.07283398494397
2025-11-24T20:02:38.378173,left,-0.04567499091363203,-0.3256661146879196,-0.7399064600467682,11.650210613941047,38.096848120653696,177.7180317406276
2025-11-24T20:02:38.495759,left,-0.04807863267134138,-0.378339946269989,-0.7270839214324951,12.787029515565822,41.191020887344315,176.49812727636294
2025-11-24T20:02:38.609430,left,-0.0419172048837666,-0.4335259050130844,-0.7170669138431549,14.015560780772299,38.75629682976431,172.22400181322476
2025-11-24T20:02:38.724662,left,-0.0334091538775283,-0.4758874177932739,-0.7125998735427856,18.44657396250934,34.75568183879131,172.01622448628478
2025-11-24T20:02:38.840200,left,-0.030696718059431305,-0.514429360628128,-0.7063474953174591,19.80144888558125,33.883433364486145,170.65211724794233
2025-11-24T20:02:38.954284,left,-0.030388064355349798,-0.5647831857204437,-0.7041144073009491,21.918413631379202,33.866224014242064,171.77077847947518
2025-11-24T20:02:39.068994,left,-0.03396307578181279,-0.6021727621555328,-0.7026507556438446,16.941183479481467,39.80298503180919,161.58014182330405
2025-11-24T20:02:39.183870,left,-0.032464372107710915,-0.6551436483860016,-0.6981559097766876,16.140944601520633,42.86563963325042,153.15597671207684
2025-11-24T20:02:39.300255,left,-0.03515424861986105,-0.7009929716587067,-0.6978508830070496,26.1954493941747,42.23388311392651,166.682790353273
2025-11-24T20:02:39.413854,left,-0.0418519293035331,-0.7726210653781891,-0.6983094811439514,13.13268392462086,52.24225874013932,146.2216505198065
2025-11-24T20:02:39.529187,left,-0.03830419134712315,-0.8183690905570984,-0.7010595500469208,24.651531936415434,47.4219348659867,159.60522269278644
2025-11-24T20:02:39.643914,left,-0.041001256644662476,-0.8577025830745697,-0.6972688734531403,13.141495168887891,52.31339708714952,146.14930358570334
2025-11-24T20:02:39.758722,left,-0.03885185366493715,-0.8675331175327301,-0.6952656209468842,15.368746389309544,50.05889440386767,147.1204610245744
2025-11-24T20:02:39.873826,left,-0.043192665549184994,-0.8656408190727234,-0.6994724869728088,10.693933846433241,53.88153525290355,141.19365336974727
2025-11-24T20:02:39.989744,left,-0.025532032772190405,-0.8402707278728485,-0.7076110541820526,37.94852748135532,34.73424211216814,170.10051524112788
2025-11-24T20:02:40.101446,left,-0.031154920163658062,-0.8074263334274292,-0.7126474976539612,33.57234333670599,38.605284626754816,167.87147873574494
2025-11-24T20:02:40.216767,left,-0.032592029436514736,-0.7597558796405792,-0.719570130109787,22.324295484178517,39.70425108070385,158.94380573519004
2025-11-24T20:02:40.330554,left,-0.0277903958487542,-0.720090389251709,-0.7261552214622498,26.766866095799884,32.86682208307296,167.07832641766944
2025-11-24T20:02:40.447402,left,-0.03609113558523802,-0.6690069735050201,-0.733586311340332,15.997177707999896,39.02771401174906,158.31476622965334
2025-11-24T20:02:40.563185,left,-0.042367683141804946,-0.6277751922607422,-0.7381811738014221,10.07378323100787,42.06732734126597,154.89835406457095
2025-11-24T20:02:40.676912,left,-0.036996927557069625,-0.5831544101238251,-0.7430440485477448,15.498319179175626,36.83305403830311,163.7643501925647
2025-11-24T20:02:40.792919,left,-0.040444788278534816,-0.5621711611747742,-0.7439030408859253,14.01355704795143,37.71705092063533,165.40196136062065
2025-11-24T20:02:40.906474,left,-0.04472949914949709,-0.5571063458919525,-0.7496863305568695,6.05788687368032,39.755385242618864,158.0307200053439
2025-11-24T20:02:41.024448,left,-0.04944678911178357,-0.5566903054714203,-0.7513271570205688,4.236247686496205,41.786601546371536,157.6815954969962
2025-11-24T20:02:41.135949,left,-0.047586139394255156,-0.5574560165405273,-0.7499115765094757,6.36127546433751,40.79604163353853,160.0464291117448
2025-11-24T20:02:41.249667,left,-0.05055795996858592,-0.5614112317562103,-0.7484665513038635,3.578533365228677,42.5610460952556,156.49151795803937
2025-11-24T20:02:41.364804,left,-0.04794935705287173,-0.5589398145675659,-0.7485039830207825,5.440805999960846,41.21926787920417,158.27839666060376
2025-11-24T20:02:41.479328,left,-0.04494852842618968,-0.5577277839183807,-0.7476789057254791,7.2334530232985035,39.53941076379801,160.40530061091283
2025-11-24T20:02:41.597636,left,-0.053297468966661654,-0.5566627085208893,-0.7472454905509949,2.803489136906612,43.212255552759395,157.5339898392373
2025-11-24T20:02:41.707285,left,-0.049134957021905734,-0.5541356801986694,-0.7471700310707092,6.506788241843764,41.27941732450684,161.24785786324364
2025-11-24T20:02:41.821325,left,-0.04875657105540654,-0.5538621842861176,-0.7471850216388702,4.3376197682885715,41.220191607721624,158.06532407290067
2025-11-24T20:02:41.937565,left,-0.050543563864053453,-0.5508294403553009,-0.7441186606884003,4.14892394279691,42.19214786521277,158.6078595845279
2025-11-24T20:02:42.053419,left,-0.045587303115510736,-0.5496317744255066,-0.7425699830055237,5.679237970700561,40.13902393889675,159.19898745785198
2025-11-24T20:02:42.168855,left,-0.05238319542388581,-0.5524242222309113,-0.740547776222229,2.13712247615781,43.51613183270147,156.79532397440283
2025-11-24T20:02:42.282109,left,-0.047847461725893936,-0.5501118302345276,-0.7253676950931549,6.177670984222808,42.95552820767693,160.1404091838609
2025-11-24T20:02:42.395661,left,-0.039286248147092806,-0.5472818315029144,-0.7006565630435944,12.103598691001231,40.63407029209818,164.99601402091176
2025-11-24T20:02:42.511501,left,-0.036070916511782514,-0.5360405743122101,-0.6684422492980957,14.408374542099276,42.2517403850001,166.87191630471702
2025-11-24T20:02:42.625591,left,-0.03120948829711523,-0.5254822969436646,-0.6427484452724457,18.66858273309573,40.618210334600356,173.09210761678398
2025-11-24T20:02:42.739813,left,-0.03027560842710386,-0.5156815350055695,-0.6243449449539185,18.48773684476056,43.52951532235213,173.3845691689061
2025-11-24T20:02:42.922008,left,-0.031097473699269074,-0.5117770582437515,-0.610581248998642,19.06339428465083,46.578366873701846,171.7957255616656
2025-11-24T20:02:42.967917,left,-0.027190489505606763,-0.5041840523481369,-0.6054645776748657,22.435596434719578,44.34626867661204,178.55753452118
2025-11-24T20:02:43.083709,left,-0.029837043676273822,-0.5036946088075638,-0.6015762984752655,21.872206265877416,48.089291394740854,-179.8972738840847
2025-11-24T20:02:43.200374,left,-0.025283627372854056,-0.5056177228689194,-0.603863924741745,23.55621840420942,42.299315464465494,-178.55082150823552
2025-11-24T20:02:43.314135,left,-0.030883534489355213,-0.5105163305997849,-0.608755886554718,19.77309497535417,48.446819243013444,179.75472551651396
2025-11-24T20:02:43.427710,left,-0.027599928237634686,-0.5173632502555847,-0.616681694984436,19.331816661268444,44.76112144091921,177.4602683928303
2025-11-24T20:02:43.542091,left,-0.021318154398286993,-0.5240689218044281,-0.624204009771347,20.845549086939684,33.19747992489724,179.24952646972196
2025-11-24T20:02:43.659302,left,-0.01840590688570032,-0.5287792384624481,-0.6300598978996277,21.993092235827387,27.713127993416858,178.9203213750566
2025-11-24T20:02:43.775199,left,-0.027322719074597046,-0.5333491861820221,-0.6399258673191071,18.521274229804344,35.749022172307114,175.40586103943176
2025-11-24T20:02:43.885591,left,-0.03726723312492908,-0.5291840434074402,-0.6678394973278046,15.499359007287051,38.91801550320529,172.8573251913956
2025-11-24T20:02:44.000791,left,-0.03653059424854632,-0.52698615193367,-0.6905011534690857,11.176326462288998,36.60893225594532,167.62407520503743
2025-11-24T20:02:44.116503,left,-0.056357176501663275,-0.5254305601119995,-0.7169170379638672,8.152405488345375,45.390467652852394,167.4833711447148
2025-11-24T20:02:44.230982,left,-0.05863552453311627,-0.5247486233711243,-0.7443383634090424,9.71507591317021,43.35508053727105,171.3639366488079
2025-11-24T20:02:44.344967,left,-0.07199431607128304,-0.5300134122371674,-0.7796421647071838,-0.6259366176873257,46.13854119365489,160.7018674874276
2025-11-24T20:02:44.463327,left,-0.06845638918836983,-0.5352337658405304,-0.8098994791507721,-7.5698623038480335,40.679356064400636,151.16273531833664
2025-11-24T20:02:44.575883,left,-0.07246269345091605,-0.5334517061710358,-0.8490133881568909,-11.868667843212398,37.36512700728459,145.65662833857857
2025-11-24T20:02:44.690956,left,-0.07229549816888436,-0.5219452381134033,-0.8717347085475922,-11.713952263401708,35.61470723647962,149.7086032007392
2025-11-24T20:02:44.806027,left,-0.06871535074834867,-0.5186680853366852,-0.8776775896549225,-11.47019312306539,33.968279432466595,147.98129633877176
2025-11-24T20:02:44.923265,left,-0.06162489999961451,-0.5187462270259857,-0.8791240155696869,-9.554792814086797,32.12310235164114,148.17930448903192
2025-11-24T20:02:45.037072,left,-0.06506774594328135,-0.520252913236618,-0.8791022300720215,-10.824228149922037,33.807780771605664,147.9392041234152
2025-11-24T20:02:45.154033,left,-0.06387261916341913,-0.5177600085735321,-0.8805185556411743,-12.186786488239699,32.50012084525133,146.2808042683296
2025-11-24T20:02:45.268379,left,-0.06518754226254941,-0.518243283033371,-0.8797016739845276,-12.442765295338287,32.79163825012493,146.97227125120395
2025-11-24T20:02:45.381829,left,-0.06094390522697779,-0.5204090476036072,-0.8753609359264374,-8.2743400668709,32.437450307894785,149.86701214446578
2025-11-24T20:02:45.497861,left,-0.07984073946703063,-0.5269091725349426,-0.8613195419311523,-14.273475919133967,38.587188913673856,143.64163261176208
2025-11-24T20:02:45.613769,left,-0.07418851700755624,-0.537072628736496,-0.8257091045379639,-9.243212808870434,39.769737021087444,145.81095433007826
2025-11-24T20:02:45.728743,left,-0.08402341842216288,-0.5302527546882629,-0.7787158489227295,-5.081915299881461,50.615354035255706,151.7535251869164
2025-11-24T20:02:45.843953,left,-0.07477156924187511,-0.5174925476312637,-0.7151162922382355,0.8000254710959834,53.845958173452296,163.60330590775587
2025-11-24T20:02:45.959694,left,-0.04074748887015289,-0.5115149468183517,-0.6883972883224487,12.697891815178457,42.733490210915456,170.33900842643007
2025-11-24T20:02:46.077305,left,-0.03749781600849644,-0.5070024132728577,-0.6674473285675049,12.617562309200354,43.7446179956318,169.41783571696345
2025-11-24T20:02:46.191237,left,-0.026983252206449038,-0.49678657948970795,-0.6477707028388977,15.8942517009079,38.49363283914586,172.96909788241913
2025-11-24T20:02:46.303557,left,-0.029489775626316828,-0.4933096617460251,-0.641129195690155,17.865032870933934,42.42739972006096,175.848093481648
2025-11-24T20:02:46.422305,left,-0.027347146404991918,-0.4915671646595001,-0.6329949498176575,17.677318703890524,40.87695388869042,176.7310932790327
2025-11-24T20:02:46.533681,left,-0.028443768020508742,-0.4887252599000931,-0.630831390619278,19.129101966007024,42.80472281335188,179.491250602234
2025-11-24T20:02:46.649382,left,-0.03133050762932754,-0.4883936941623688,-0.6305572688579559,18.358006189798186,46.43305744904645,179.7925672101497
2025-11-24T20:02:46.763443,left,-0.030700158868683047,-0.4896826595067978,-0.6305577158927917,18.83320040826856,46.42394143071433,179.44063714654467
2025-11-24T20:02:46.879980,left,-0.02997455307323804,-0.494514599442482,-0.6313081979751587,18.934570589798675,45.92706075755342,179.19129655386826
2025-11-24T20:02:46.993277,left,-0.0281869777926822,-0.4966900646686554,-0.6346802413463593,19.295679974361608,42.09647683400097,-179.81790218023798
2025-11-24T20:02:47.107498,left,-0.025315193132815494,-0.5034700483083725,-0.6389113068580627,20.472245822045416,37.533743648029755,178.9601825052396
2025-11-24T20:02:47.224743,left,-0.02341240508550868,-0.5054254680871964,-0.6473622918128967,17.876752957877397,35.052863309053336,176.16346863381506
2025-11-24T20:02:47.340126,left,-0.023529193212858956,-0.5079724341630936,-0.6627916693687439,18.31674133431793,33.031172455235264,174.15916840080672
2025-11-24T20:02:47.454918,left,-0.03474799382930627,-0.5118542015552521,-0.691552460193634,14.883983619510069,38.28965181343325,173.6056476883824
2025-11-24T20:02:47.570191,left,-0.031085258858873033,-0.5129519999027252,-0.7152458131313324,15.29231492642502,30.834394232463026,172.8232828546104
2025-11-24T20:02:47.685886,left,-0.06965098929728697,-0.5053330212831497,-0.7566201984882355,2.9306942065273707,48.17498459864271,167.22912212591686
2025-11-24T20:02:47.803927,left,-0.055188842830858675,-0.50619275867939,-0.7968361973762512,-1.3215170021528462,38.02872024594142,158.1361776684575
2025-11-24T20:02:47.916928,left,-0.09263931486223953,-0.49848587810993195,-0.8587653040885925,-11.901827020111654,44.85014473476828,149.92794387219124
2025-11-24T20:02:48.034471,left,-0.08489072168664791,-0.4915830194950104,-0.8895980417728424,-11.00732307813575,39.0851185656038,153.5346183087218
2025-11-24T20:02:48.146563,left,-0.08455625177590775,-0.49725137650966644,-0.8952330946922302,-14.540211321524293,37.515952486980076,145.35391765280457
2025-11-24T20:02:48.264743,left,-0.08612677666128832,-0.4932851791381836,-0.8962834775447845,-15.846277278386399,37.44975864123286,145.68446000604416
2025-11-24T20:02:48.378947,left,-0.08757838071511514,-0.4905580133199692,-0.8964091539382935,-14.959822850672756,38.28993378058074,146.19490878886035
2025-11-24T20:02:48.492798,left,-0.08976779573697513,-0.4954051673412323,-0.8876134157180786,-14.404205174591679,39.96036344246381,147.16931365804004
2025-11-24T20:02:48.608208,left,-0.07803828233456755,-0.5117267072200775,-0.8628152012825012,-17.566296881992443,35.54427418965297,136.93530121623058
2025-11-24T20:02:48.723961,left,-0.07155743984995411,-0.5125142931938171,-0.8322920799255371,-4.442543806807949,39.0749044727962,152.2572858327909
2025-11-24T20:02:48.837885,left,-0.06985972417211883,-0.5053829401731491,-0.7771026790142059,-4.393800952585081,44.3691595422334,154.13103126788857
2025-11-24T20:02:48.951500,left,-0.05462676962154944,-0.5036550909280777,-0.7244665026664734,10.399969403424143,44.95793730209478,172.2639148934285
2025-11-24T20:02:49.067281,left,-0.04422438689239527,-0.49997660517692566,-0.7050391435623169,9.93182821093942,42.73669997857804,172.58697835760717
2025-11-24T20:02:49.182239,left,-0.047864625925384985,-0.5000395327806473,-0.6977873742580414,9.181634807159229,46.03896019075397,172.3093940249271
2025-11-24T20:02:49.300439,left,-0.04353048222956346,-0.5008595734834671,-0.6973982155323029,8.995619752715196,43.3906259250779,171.1233788293939
2025-11-24T20:02:49.412752,left,-0.03987014018860435,-0.5037959963083267,-0.6967030167579651,9.351797753551484,41.490610508098044,169.78459441814832
2025-11-24T20:02:49.528724,left,-0.0417365831324048,-0.504378005862236,-0.6958141624927521,9.447395443066544,42.763176600261986,171.02299242857256
2025-11-24T20:02:49.645401,left,-0.04105775272763168,-0.5046900510787964,-0.6955399215221405,9.894944117348874,41.99710752787793,171.42755492978193
2025-11-24T20:02:49.760461,left,-0.04381598434670053,-0.5045217722654343,-0.6951939463615417,9.024238280959386,43.52757869515408,171.41234335348497
2025-11-24T20:02:49.875051,left,-0.043576930666105795,-0.505186527967453,-0.6945175528526306,9.646819408464186,43.368660670540905,171.73805490757613
2025-11-24T20:02:49.988191,left,-0.04319796786991503,-0.5047061592340469,-0.6925063133239746,9.768335687855766,43.347643779633025,171.6209876763554
2025-11-24T20:02:50.105172,left,-0.043640926329935326,-0.5039527863264084,-0.6917153000831604,8.61480041868919,43.56039514473125,170.51854522552722
2025-11-24T20:02:50.217913,left,-0.04365573974308745,-0.5031931400299072,-0.6918381750583649,7.681468865621753,43.32571833944878,169.22385905649386
2025-11-24T20:02:50.333124,left,-0.042702125874583885,-0.5030128955841064,-0.6919733583927155,8.4537684767047,42.51170090609573,169.83222515253294
2025-11-24T20:02:50.448172,left,-0.047020407046915125,-0.5020144432783127,-0.6911613345146179,7.531099586771017,44.898346483684236,170.0061143508206
2025-11-24T20:02:50.562037,left,-0.04599431759501016,-0.5019848495721817,-0.69183149933815,7.917302771544861,44.23243217686277,170.22925085542727
2025-11-24T20:02:50.676506,left,-0.046377504253662494,-0.501460075378418,-0.6923564374446869,7.347798493847393,44.519236372073635,169.58079582743164
2025-11-24T20:02:50.795223,left,-0.0450846053236873,-0.5021628439426422,-0.6930336952209473,8.540596426042049,43.54406054701614,170.87258279435466
2025-11-24T20:02:50.906710,left,-0.04460215659151601,-0.5013692528009415,-0.6927858889102936,8.398075085680771,43.216582625881415,170.44718901104235
2025-11-24T20:02:51.020385,left,-0.04678568770131619,-0.5006418228149414,-0.6928552985191345,8.270660443593131,44.464618193433886,170.91684840938433
2025-11-24T20:02:51.139627,left,-0.04550022182304758,-0.500871330499649,-0.6928882300853729,8.079449332485911,43.7145971617164,170.17509064864367
2025-11-24T20:02:51.255361,left,-0.046139412580991745,-0.4998749792575836,-0.6917619705200195,8.051893720570021,44.279942778717185,170.32237366250885
2025-11-24T20:02:51.367233,left,-0.04294383495855669,-0.49982939660549164,-0.6907389461994171,8.435880387933683,42.66632879047624,169.79833372236232
2025-11-24T20:02:51.479646,left,-0.04401089766941624,-0.49955853819847107,-0.6904192566871643,7.991052271977574,43.23081906794386,169.44376291924956
2025-11-24T20:02:51.595014,left,-0.039952295153753425,-0.49870267510414124,-0.6902216076850891,8.617582244955411,40.57226778413205,169.49627148050473
2025-11-24T20:02:51.712543,left,-0.04483373618139552,-0.4989035725593567,-0.6899850964546204,8.30255654492189,43.786263176402656,170.34879110185017
2025-11-24T20:02:51.824954,left,-0.042893789147960604,-0.49904489517211914,-0.6905148029327393,8.089044026895156,42.112657347815556,169.43505995932358
2025-11-24T20:02:51.939916,left,-0.044115430496951547,-0.4985790252685547,-0.6901105344295502,7.968311909137049,42.75212728902641,169.8760658129301
2025-11-24T20:02:52.053355,left,-0.047376125505799394,-0.499018594622612,-0.6882838904857635,7.333745093296166,45.16230916090285,170.10705833837278
2025-11-24T20:02:52.168093,left,-0.041643144535768783,-0.4983953386545181,-0.6890504658222198,8.864341062666554,41.59174920314317,169.94996353273683
2025-11-24T20:02:52.286464,left,-0.04211156290345741,-0.4968070238828659,-0.687740683555603,8.671189885590746,42.065998375009976,170.35252465381637
2025-11-24T20:02:52.400279,left,-0.04573547771574482,-0.49864810705184937,-0.6879521012306213,7.358470138925125,44.17662054434959,169.55049311328656
2025-11-24T20:02:52.514796,left,-0.04053601880390545,-0.5026418119668961,-0.6886473894119263,8.067877508636837,41.75777417233618,168.73598840322845
2025-11-24T20:02:52.632379,left,-0.04341768043432381,-0.5060148686170578,-0.6895331740379333,7.250844450497124,43.4715730998495,167.93842277410457
2025-11-24T20:02:52.746881,left,-0.03652208833317161,-0.5117939859628677,-0.6895034313201904,10.474080570045997,39.509017935902335,168.51420269240546
2025-11-24T20:02:52.865224,left,-0.032728337974667454,-0.520601212978363,-0.6895154714584351,11.017679624503113,36.594061795330774,168.45079612643227
2025-11-24T20:02:52.984735,left,-0.030565687978644007,-0.5387051999568939,-0.6877322793006897,12.464397434075629,34.86486758647749,167.64391838130837
2025-11-24T20:02:53.095736,left,-0.03610256624165231,-0.5520480871200562,-0.6922839879989624,11.089400915082718,38.56702364304176,167.56365789695806
2025-11-24T20:02:53.210388,left,-0.024382941015467452,-0.5762636959552765,-0.6869072318077087,19.12401079859658,29.701872604639888,170.57852043302393
2025-11-24T20:02:53.327731,left,-0.03657971877122179,-0.5846187472343445,-0.6784041523933411,12.630631451772985,39.559240817907835,166.39513498387106
2025-11-24T20:02:53.436989,left,-0.030884003451689068,-0.5567275881767273,-0.6455651521682739,22.06745751908603,37.58854959281789,171.94926947220296
2025-11-24T20:02:53.552079,left,-0.02391635373101053,-0.525022953748703,-0.6334120631217957,26.084264127040836,32.3329023742467,174.29308637790675
2025-11-24T20:02:53.666918,left,-0.016717131092796933,-0.49537084996700287,-0.6220500767230988,29.34170597687717,25.645709567042104,175.82556806049962
2025-11-24T20:02:53.781039,left,-0.02204653041245308,-0.45611488819122314,-0.6161814033985138,30.3908792161196,31.446843724740795,178.48040204427525
2025-11-24T20:02:53.896777,left,-0.020845423042260336,-0.43173542618751526,-0.612506091594696,30.488938291632902,32.81740260167574,177.43375730193478
2025-11-24T20:02:54.013606,left,-0.020841079678874053,-0.4131745994091034,-0.6109159290790558,29.188294840621342,31.899768245864777,178.13116208926937
2025-11-24T20:02:54.125873,left,-0.025215572875559644,-0.40835733711719513,-0.6116889119148254,26.013186849026066,35.272064011374596,178.57880704073597
2025-11-24T20:02:54.242823,left,-0.021158485292460227,-0.41523516178131104,-0.6205610036849976,24.003679439182626,29.152686772445,178.38908106249858
2025-11-24T20:02:54.357295,left,-0.021115624170327862,-0.4321127235889435,-0.6297178268432617,21.95554305992315,28.071178183003564,178.7784131610022
2025-11-24T20:02:54.468678,left,-0.02452056087238219,-0.4578970968723297,-0.6539796590805054,11.761828073828259,29.969143850792825,174.883916603973
2025-11-24T20:02:54.585015,left,-0.024756644498928893,-0.4708404093980789,-0.6553297340869904,10.918726525499974,29.415181971751622,172.16638849224512
2025-11-24T20:02:54.700568,left,-0.035217285459687275,-0.4805869460105896,-0.657270222902298,7.33708513866649,37.15690751402254,170.3660697909435
2025-11-24T20:02:54.869651,left,-0.03354077876375072,-0.4761221408843994,-0.6576856970787048,6.965221095460875,36.1018380634882,170.57778620373352
2025-11-24T20:02:54.931693,left,-0.030347009467149633,-0.4781257063150406,-0.64978888630867,9.535932778375487,33.96457467421945,171.89822731458142
2025-11-24T20:02:55.044484,left,-0.027225738176589687,-0.5077865570783615,-0.6462151110172272,5.696680985585413,31.071897903059977,168.33009125500516
2025-11-24T20:02:55.158879,left,-0.027494934412942484,-0.546859085559845,-0.6464386582374573,7.070769796383991,30.216115070569813,172.27957126988423
2025-11-24T20:02:55.273285,left,-0.05030498177011111,-0.7052200436592102,-0.6621725261211395,-14.983765239019727,44.182488767915125,146.18427906671243
2025-11-24T20:02:55.389519,left,-0.034990114584786625,-0.7710387110710144,-0.689140647649765,7.492081526014472,30.64693662274497,166.90189122366192
2025-11-24T20:02:55.503747,left,-0.05789242514572379,-0.810298502445221,-0.7097553908824921,-3.517357108940188,41.211222943308336,154.75996919500645
2025-11-24T20:02:55.621510,left,-0.05696179807591761,-0.8082448244094849,-0.7185213565826416,0.9895664164193486,41.23968032481254,157.47284520144729
2025-11-24T20:02:55.732782,left,-0.042504825589972484,-0.7444244027137756,-0.7007302939891815,8.493520192071395,35.53920318335974,163.5889298747058
2025-11-24T20:02:55.847899,left,-0.024820237391608657,-0.6232363283634186,-0.6802998781204224,17.083577327966577,24.59864905562264,174.5316790220821
2025-11-24T20:02:55.986830,left,-0.024559479103743342,-0.5345316231250763,-0.6636994183063507,14.513169855775805,28.42587331603777,171.16013493297194
2025-11-24T20:02:56.098884,left,-0.030144075510278867,-0.44809970259666443,-0.6477109789848328,16.29408955607549,35.33095321617629,170.42205368018014
2025-11-24T20:02:56.214281,left,-0.03267159658152252,-0.3663776367902756,-0.6365148723125458,26.44027055135782,36.38674204537411,176.7199076178534
2025-11-24T20:02:56.329167,left,-0.023468575711319772,-0.2798691391944885,-0.6374545693397522,34.01471532135775,27.661749542344037,-179.40234254864265
2025-11-24T20:02:56.445459,left,-0.02249267836521085,-0.17142734304070473,-0.6498113572597504,44.15881183159111,26.03865882354592,-179.07724082307095
2025-11-24T20:02:56.561126,left,-0.01466513339873643,-0.11865870654582977,-0.6653707325458527,49.46612473518254,14.28749695293752,-177.5146587074528
2025-11-24T20:02:56.676650,left,0.003601667326293523,-0.10097521170973778,-0.6623814105987549,49.43452515833464,-8.645969215951864,-176.6455222504255
2025-11-24T20:02:56.791297,left,0.00669916020989092,-0.09806529432535172,-0.6592765152454376,49.5681007847071,-11.094250821216598,-178.32813372207443
2025-11-24T20:02:56.905340,left,0.003760599585774571,-0.09951024502515793,-0.6626698672771454,47.56316654072971,-8.071770485355577,-177.10192483878424
2025-11-24T20:02:57.022270,left,-0.003155858574295678,-0.116765595972538,-0.6585485935211182,46.88028843189209,-0.1758678887656915,-176.00028355980456
2025-11-24T20:02:57.133817,left,-0.032260194181233715,-0.22315628826618195,-0.6273401975631714,34.91914234256379,34.274172316227066,-175.24076436596022
2025-11-24T20:02:57.247851,left,-0.02399862444209333,-0.331458181142807,-0.6045697927474976,29.478360543655132,26.14162792065068,-177.24475219731085
2025-11-24T20:02:57.361920,left,-0.019506405915969083,-0.4115297496318817,-0.5807417929172516,22.201955123760698,22.923421238596177,177.74696649485153
2025-11-24T20:02:57.478714,left,-0.02505119379192422,-0.4437405914068222,-0.5576049983501434,19.673172398435288,29.838405487031487,171.68818966143562
2025-11-24T20:02:57.594402,left,-0.017598274700880268,-0.4507077932357788,-0.5317123085260391,21.030423450938105,21.530995796909565,173.185402809723
2025-11-24T20:02:57.708991,left,-0.015383571257387985,-0.4401308745145798,-0.47348514199256897,23.572772586453862,19.383124475702253,171.93957423870228
2025-11-24T20:02:57.822959,left,-0.026433124262709384,-0.44010207056999207,-0.4549757242202759,20.844139924321453,27.994990597407046,171.5855465266355
2025-11-24T20:02:57.937003,left,-0.0155196993314064,-0.43854209780693054,-0.4633815288543701,23.68407488392557,19.117452986263885,171.84742550924284
2025-11-24T20:02:58.050731,left,-0.020127455525980054,-0.43934614956378937,-0.4998171478509903,25.490256976268196,22.805590425874065,176.10553668201206
2025-11-24T20:02:58.167404,left,-0.032694910417923495,-0.45148374140262604,-0.5456882268190384,20.3900603896591,33.64744724309281,176.8127220873784
2025-11-24T20:02:58.279685,left,-0.05661112769645271,-0.4415428936481476,-0.639445573091507,7.737689248755831,50.83646488680256,177.33670448364043
2025-11-24T20:02:58.394541,left,-0.03429625068286413,-0.45504018664360046,-0.7058877944946289,15.095224639293042,35.84892889517452,173.4950835011654
2025-11-24T20:02:58.508537,left,-0.04726177761203587,-0.4533130079507828,-0.7422841787338257,6.180127963930367,42.00212734764489,166.9586908693926
2025-11-24T20:02:58.625831,left,-0.03769885930344685,-0.4568113833665848,-0.7338649332523346,9.267115366634297,37.58940920393375,167.58661478183575
2025-11-24T20:02:58.738806,left,-0.022808932257618153,-0.4844706207513809,-0.7288298308849335,13.062002789038633,25.96632668661539,171.88646619807568
2025-11-24T20:02:58.852817,left,-0.040754309914809994,-0.564379870891571,-0.7106885612010956,7.4257605215513784,40.35884023090794,172.86772106868793
2025-11-24T20:02:58.967378,left,-0.02775833203234157,-0.686894953250885,-0.6793382167816162,6.663240258581275,29.652524899337145,167.80034932422467
2025-11-24T20:02:59.082563,left,-0.06665061755782631,-0.8099444508552551,-0.709955096244812,-8.483166489801143,48.494464840323474,157.31158605444162
2025-11-24T20:02:59.194312,left,-0.04710010997695235,-0.8810100555419922,-0.7340252995491028,2.3578085074077606,34.0871508440885,165.98514844538687
2025-11-24T20:02:59.365999,left,-0.052039144169668816,-0.9035493731498718,-0.7333322465419769,-2.3471278969455245,37.52624105319533,163.85680704445147
2025-11-24T20:02:59.479345,left,-0.06532171132846543,-0.8914397358894348,-0.7296258807182312,-5.599663678314449,42.20853972675731,159.44597276686582
2025-11-24T20:02:59.593853,left,-0.03988951117412398,-0.8891570866107941,-0.7337344288825989,8.434034831864587,30.077975694538893,171.0664771964187
2025-11-24T20:02:59.708203,left,-0.04256986425463083,-0.7545369565486908,-0.7283398509025574,10.90416626069101,32.00524917639137,175.93856912501704
2025-11-24T20:02:59.822340,left,-0.030082673790573722,-0.6513994336128235,-0.7167965769767761,15.49223328780902,27.40305921104529,175.80720028647832
2025-11-24T20:02:59.932388,left,-0.0402929483223744,-0.5044987350702286,-0.6856186985969543,24.34496616071986,33.73119940523737,-176.1124265555699
2025-11-24T20:03:00.098913,left,-0.03393356909940337,-0.3533691316843033,-0.657877117395401,24.5574900152201,34.36827398351732,-179.7303774451686
2025-11-24T20:03:00.211489,left,-0.028044318837103788,-0.21251202374696732,-0.6424820721149445,39.464157052347666,26.21984986699902,-175.847823919107
2025-11-24T20:03:00.330430,left,2.212653677702292e-05,-0.09875202178955078,-0.6510131359100342,46.452404584441126,-6.804004555620226,-173.59932207947222
2025-11-24T20:03:01.076216,left,-0.021744755369145885,-0.2257557511329651,-0.6496864557266235,31.543372078663023,22.468333358839566,-176.93004114133947
2025-11-24T20:03:01.189898,left,-0.02190735366093699,-0.3443926274776459,-0.6410723626613617,26.888206533923032,20.087259183432934,-175.14146036036274
2025-11-24T20:03:01.305494,left,-0.017840922120809566,-0.4607350528240204,-0.6186633408069611,18.171369060342062,20.25640581972383,179.66086698550774
2025-11-24T20:03:01.420572,left,-0.021394085842644017,-0.49986474215984344,-0.6108567118644714,16.558707317302293,25.127972587252827,173.72535634378227
2025-11-24T20:03:01.537546,left,-0.038323861023471295,-0.5055952221155167,-0.6084384620189667,10.627722020043707,39.84699290471757,169.16651261355418
2025-11-24T20:03:01.652517,left,-0.03133563806657236,-0.5025149881839752,-0.6080761551856995,13.008733635152756,34.5340965202845,169.08976813248842
2025-11-24T20:03:01.765988,left,-0.031654318593922426,-0.4955461919307709,-0.6067725419998169,14.878546112433156,34.96044462497482,171.26862487697818
2025-11-24T20:03:01.881400,left,-0.04093255927451267,-0.49000103771686554,-0.6682987213134766,5.36807792866132,41.59139482829277,165.65195632451372
2025-11-24T20:03:01.994991,left,-0.05159731284712521,-0.49110256135463715,-0.7575512826442719,2.09267273173742,43.91068803820143,166.85865917067045
2025-11-24T20:03:02.109053,left,-0.07425922725096257,-0.47810278832912445,-0.8399689495563507,-4.265849526473998,51.149906229588815,163.33417768571246
2025-11-24T20:03:02.224214,left,-0.05950114799568951,-0.473258912563324,-0.8829191327095032,-9.147218363236206,40.85255618542871,154.33300447641022
2025-11-24T20:03:02.338664,left,-0.054427755354012675,-0.47193482518196106,-0.894233226776123,-3.2132995618069145,38.734659256644115,158.67253010613146
2025-11-24T20:03:02.455678,left,-0.06375071312836411,-0.4722222685813904,-0.8859016597270966,-7.613989605765047,42.085382663519376,157.6479948655377
2025-11-24T20:03:02.593324,left,-0.06285555181160873,-0.4796080142259598,-0.8023375272750854,13.857764617015306,45.7625652066037,-179.44257141648157
2025-11-24T20:03:02.703134,left,-0.038142303086800666,-0.4905189722776413,-0.7024621367454529,12.451019302001537,35.59834453597203,169.49712848090772
2025-11-24T20:03:02.871993,left,-0.029045611382784386,-0.45592091977596283,-0.594109058380127,20.916834414267615,30.757071765733976,175.64171965085282
2025-11-24T20:03:02.989732,left,-0.028775432441754845,-0.45606380701065063,-0.5856084227561951,19.627789174064983,32.001472555801165,172.4097925850387
2025-11-24T20:03:03.104981,left,-0.02347179630678653,-0.457194522023201,-0.5875492691993713,19.798449485770604,28.248196389532428,171.93127828845292
2025-11-24T20:03:03.244500,left,-0.022905915899187335,-0.4667353183031082,-0.582582414150238,20.322323177673457,26.877570429957686,174.01445557083161
2025-11-24T20:03:03.356139,left,-0.026263949395772812,-0.5688207745552063,-0.5745879411697388,15.250978272550412,27.674057632711847,176.91659008600357
2025-11-24T20:03:03.471727,left,-0.050346853248157686,-0.7194969654083252,-0.5853976905345917,-11.468739402352865,42.903426216061746,151.4019195916776
2025-11-24T20:03:03.587553,left,-0.038007635388787264,-0.7684933841228485,-0.6260024011135101,0.9954596592611241,30.72282556127525,166.29577734157527
2025-11-24T20:03:03.704037,left,-0.031169326376684126,-0.7665903568267822,-0.6263619065284729,4.94669915317665,26.003384396443728,170.28247673179365
2025-11-24T20:03:03.816247,left,-0.02266669550294864,-0.6735039055347443,-0.6149483025074005,12.234346042683887,18.01180584554754,-177.13283106334524
2025-11-24T20:03:03.929595,left,-0.028847953565893647,-0.5234098434448242,-0.6011382043361664,27.555920079001947,20.80742342279719,-168.76791595276563
2025-11-24T20:03:04.049371,left,-0.044144548097079905,-0.4427713602781296,-0.6175072193145752,12.163667319888246,43.11757136136814,169.66509375191504
2025-11-24T20:03:04.161655,left,-0.03022070077854977,-0.42636607587337494,-0.6264462769031525,17.830253386254583,34.0793036153699,171.49305329964557
2025-11-24T20:03:04.274907,left,-0.02865674645708083,-0.41981808841228485,-0.628200113773346,17.531766388881536,33.18118803062428,170.9502680535438
2025-11-24T20:03:04.390007,left,-0.030502619853983504,-0.4205043762922287,-0.6283377408981323,16.936460347249888,34.233012936197376,170.7842400454876
2025-11-24T20:03:04.504770,left,-0.03270515603460922,-0.4169657528400421,-0.6278153359889984,15.202964515904583,36.15645264007014,169.57688707045193
2025-11-24T20:03:04.618989,left,-0.03150214872462698,-0.4190030097961426,-0.630153477191925,15.623993673413418,35.69028050457595,168.43564403619578
2025-11-24T20:03:04.733811,left,-0.029402282778775657,-0.41785697638988495,-0.6322388648986816,16.296332334705095,33.49875385401069,170.34380934751746
2025-11-24T20:03:04.849550,left,-0.033174083047242675,-0.4190756678581238,-0.6325773596763611,15.806277867920913,36.47122294847265,170.27982297057662
2025-11-24T20:03:04.963859,left,-0.031766830867681506,-0.41988494992256165,-0.6346632838249207,15.836366614635397,35.513847062240146,170.06208413993582
2025-11-24T20:03:05.078083,left,-0.02431954254212343,-0.4154629409313202,-0.6381565630435944,19.483069104023194,29.33968680291778,172.6305495050908
2025-11-24T20:03:05.193997,left,-0.029743925978024777,-0.4155254364013672,-0.6419503688812256,17.704998171257504,34.370394930499295,172.02914861313602
2025-11-24T20:03:05.308250,left,-0.032075352657116696,-0.4181256741285324,-0.6468814015388489,16.240124493818072,36.26436361665103,170.93242575816342
2025-11-24T20:03:05.421790,left,-0.03209367769467519,-0.4197976291179657,-0.6515213251113892,15.706902534917424,36.456888301144495,170.6295106969985
2025-11-24T20:03:05.538979,left,-0.03286169815363138,-0.41881342232227325,-0.6511289179325104,15.818005825415577,37.090887557264146,170.94842725890797
2025-11-24T20:03:05.652671,left,-0.032074796142261164,-0.41815026104450226,-0.6497267484664917,16.059639006505492,36.000311828375885,171.87228015220583
2025-11-24T20:03:05.765213,left,-0.031688398822993236,-0.41924650967121124,-0.6495499610900879,16.316818316465987,35.45442996870321,171.90751459723182
2025-11-24T20:03:05.880945,left,-0.03195390852790325,-0.4195587635040283,-0.6498686671257019,16.365186329412627,35.857391647443755,172.08498173268524
2025-11-24T20:03:05.998829,left,-0.031769666787070605,-0.41978418827056885,-0.6503644585609436,15.967183802053777,35.6532809395953,171.4939419028644
2025-11-24T20:03:06.111020,left,-0.031338649659772955,-0.4206513464450836,-0.6515006124973297,16.19680292394247,35.37707349007513,171.26833782299968
2025-11-24T20:03:06.225128,left,-0.030821152404556074,-0.42076341807842255,-0.6521234810352325,16.53492423446021,35.02337917833939,170.95528691041588
2025-11-24T20:03:06.287202,left,-0.042277231346069755,-0.42182980477809906,-0.6530409455299377,14.9583329151071,43.3187989163432,174.89822748979594
2025-11-24T20:03:06.460073,left,-0.04737467340302004,-0.4246482253074646,-0.6564411222934723,11.527699920210091,45.20605613243122,172.6935353055651
2025-11-24T20:03:06.573915,left,-0.03245710917102684,-0.42235349118709564,-0.6559629738330841,14.588218913577398,36.50035156978713,173.69159669502267
2025-11-24T20:03:06.691542,left,-0.02255226251010356,-0.42187993228435516,-0.6583345532417297,16.128812676845694,27.525105703902952,174.36111198484724
2025-11-24T20:03:06.815246,left,-0.01906152279668305,-0.41906602680683136,-0.6599852442741394,16.224977850647768,24.716775145176207,174.20164421814965
2025-11-24T20:03:06.921334,left,-0.02553562865477943,-0.4143890291452408,-0.6612890660762787,15.17882298748756,31.005244313087026,174.77310544454195
2025-11-24T20:03:07.036469,left,-0.02926598715433215,-0.4127674847841263,-0.660760909318924,14.0762451244457,34.82216845648644,174.31283680586597
2025-11-24T20:03:07.149891,left,-0.036800110302198874,-0.4187239706516266,-0.6625630557537079,11.183853110401609,39.96863068378038,173.54194308717754
2025-11-24T20:03:07.264235,left,-0.03685596484962872,-0.42123234272003174,-0.6624986231327057,12.125266447130153,40.14606360072517,174.82289160676876
2025-11-24T20:03:07.378379,left,-0.04139365722262767,-0.4205436110496521,-0.6612940430641174,11.097087498098217,43.47509523550025,174.85907818037353
2025-11-24T20:03:07.495776,left,-0.03493240333076386,-0.4207652807235718,-0.6610431969165802,10.777125117822417,38.98588456098491,173.66405410380122
2025-11-24T20:03:07.607770,left,-0.03791136968443709,-0.42317473888397217,-0.6622913777828217,12.369411482221782,40.94596221199173,174.71832830912564
2025-11-24T20:03:07.722386,left,-0.034608567602170126,-0.421193927526474,-0.6606943607330322,9.625917327507793,40.18258589930573,170.21362021493525
2025-11-24T20:03:07.840343,left,-0.024771998356442282,-0.4198491871356964,-0.6616315841674805,13.30248183714507,31.242826655903613,173.85894398482014
2025-11-24T20:03:07.954187,left,-0.024874823593464157,-0.41888728737831116,-0.6621286571025848,13.874550894716691,30.7870170997001,174.47700358417032
2025-11-24T20:03:08.068808,left,-0.0336134758119897,-0.41717246174812317,-0.6606706976890564,12.29092134340545,39.265131397549574,174.7050096110436
2025-11-24T20:03:08.184851,left,-0.04025072669249141,-0.40812306106090546,-0.6589316725730896,14.397801250241146,45.97579606826746,177.6791361717585
2025-11-24T20:03:08.299179,left,-0.04022229663209487,-0.3992367833852768,-0.6634896993637085,18.886310955736317,44.387590857105465,-179.71141048105258
2025-11-24T20:03:08.414069,left,-0.0344885259478076,-0.39113089442253113,-0.6671694219112396,22.899723141958223,38.29978861537641,-177.2086250540801
2025-11-24T20:03:08.529377,left,-0.03279623432914036,-0.389440655708313,-0.674104630947113,25.699705424296567,35.16556557591825,-176.36875140289388
2025-11-24T20:03:08.642661,left,-0.01943162337261839,-0.37941114604473114,-0.6757790148258209,28.963984291362646,22.04438307829498,-174.48032399260347
2025-11-24T20:03:08.757778,left,-0.017092897065559498,-0.3706330507993698,-0.6781743764877319,29.17018781590506,19.920776320408233,-177.13614341536118
2025-11-24T20:03:08.872679,left,-0.016004854921206402,-0.3611580580472946,-0.6758164465427399,26.87373523025305,18.999889609945583,-178.15393422406152
